origen,festivo,laborable
01001,,4.569
01002,6.071,
01004_AM,,5.319
01009_AM,7.734,9.562000000000001
01028_AM,19.881,10.573
01036,9.138,9.210999999999999
01051,2.257,7.140000000000001
01059,169.689,372.324
01063_AM,1.938,11.559999999999999
01901,2.143,16.523
02003,157.696,343.148
02008_AM,,28.234
02009,15.530999999999999,44.730000000000004
02010_AM,,4.274
02012_AM,,26.825
02019_AM,,15.502
02021_AM,,2.147
02024_AM,,2.17
02025,17.594,28.401
02029,2.861,19.341
02030,,3.326
02033_AM,,21.041
02034_AM,3.345,4.507
02035_AM,5.5329999999999995,37.886
02037,10.937999999999999,51.134
02045,,2.204
02053,,17.634
02067_AM,7.841,19.903
02069,6.08,36.85
02073_AM,,10.265
02074,1.217,
02079,10.957,18.591
02081,56.669,217.204
02086_AM,,4.896
02901,9.536,
03002_AM,2.487,
03005_AM,20.761,73.876
03006_AM,,6.594
03009,43.079,40.817
03011,32.732,20.148
03012,3.01,5.6690000000000005
03014,166.124,577.375
03015,10.193000000000001,10.699
03018,23.386,25.548000000000002
03019,11.333,31.713
03021,1.769,3.583
03023_AM,3.689,
03024,,12.562
03028_AM,7.688,7.1530000000000005
03031,61.267,132.685
03034_AM,8.847999999999999,2.963
03035_AM,4.167,2.844
03041,2.175,14.205
03043,,8.802
03044_AM,13.156,9.94
03047,5.664,64.312
03048,5.429,8.056000000000001
03049,9.842,32.058
03050,21.32,24.117
03053,,12.149000000000001
03055,,2.122
03056,5.737,15.265
03058,,40.716
03059,12.158999999999999,28.325
03063,13.897,53.992000000000004
03064,9.681000000000001,11.615
03065,153.521,347.475
03066,28.066,27.8
03069,7.194,12.706
03070,3.372,3.39
03071,,10.114
03074_AM,8.632,5.777
03076,10.836,11.608
03077,,6.011
03079,6.224,44.794
03081,,2.788
03082,2.847,50.548
03083,2.007,12.981000000000002
03088,19.857,23.378
03089,4.986,13.649
03090,9.631,25.232
03092_AM,7.164,8.658
03093,6.0649999999999995,61.861000000000004
03094,10.448,26.139
03095,4.913,4.93
03096,,8.068999999999999
03097_AM,5.148,1.769
03099,48.111,151.784
03101,1.851,2.555
03102,,11.906
03104,11.859,57.785
03105,,9.805
03107,2.975,4.763999999999999
03109,,15.247
03111,4.354,15.768999999999998
03112_AM,,3.729
03113,13.473,21.612
03114,,5.657
03118,,17.603
03119,17.425,16.131999999999998
03120,8.49,2.508
03121,5.474,17.079
03122,45.381,56.136
03123_AM,,18.281
03128,2.708,
03133,40.144,114.267
03139,11.42,55.12
03140,15.475999999999999,67.358
03901,,2.863
03902,6.511,43.041
04003,339.109,589.659
04006,40.841,131.74
04011_AM,16.539,52.551
04013,1779.35,3877.571
04016,59.747,188.09
04017_AM,27.639000000000003,35.49
04024,27.416,79.40700000000001
04029,113.824,132.82
04031,,28.273
04032,57.866,118.233
04035,66.819,239.136
04038,43.1,64.45
04044_AM,15.613,122.461
04045_AM,34.984,57.088
04047_AM,59.17,120.618
04048_AM,9.799,46.343
04049,20.256,79.643
04050_AM,17.253,71.547
04052,226.649,395.133
04053,73.235,211.361
04057_AM,38.403999999999996,67.569
04062_AM,24.981,44.969
04064,49.244,84.138
04066,166.719,340.219
04069,28.909,80.39
04070_AM,47.667,46.109
04074,75.867,70.565
04075,26.372,90.45
04079,958.031,1978.213
04083_AM,9.929,23.433
04086_AM,6.515,21.276
04088_AM,86.748,54.722
04092,7.209,37.02
04093,5.718,22.076999999999998
04098_AM,16.805,50.562
04099,47.431,68.80199999999999
04100,81.077,216.373
04101,297.406,137.696
04102,311.856,598.172
04902,1045.202,2036.343
04903,54.799,209.213
04904,25.902,17.122
05002_AM,3.028,4.603
05013_AM,9.761,2.68
05014_AM,,6.997
05016,23.682,
05019,26.876,150.913
05021_AM,,31.81
05047,6.09,7.732
05054_AM,3.763,
05102_AM,1.96,
05114_AM,,13.148
05163_AM,4.924,2.519
05168_AM,,2.82
05186_AM,,4.336
05204_AM,,17.154
05220_AM,2.967,
05238_AM,,4.475
05240_AM,4.868,4.6259999999999994
05241_AM,3.064,5.337
05242_AM,,10.0
06002,49.623000000000005,149.173
06005_AM,51.298,115.765
06006,12.536999999999999,39.365
06011,820.672,1618.054
06012_AM,146.525,210.018
06014,551.504,1106.741
06015,1192.819,3102.529
06016_AM,72.554,125.87700000000001
06019_AM,394.369,610.432
06020_AM,178.034,338.17900000000003
06022,35.995,163.144
06023,19.397,44.451
06025,68.509,135.473
06028,42.285,57.683
06033_AM,34.238,26.857
06036_AM,71.297,135.66
06039_AM,27.093,69.72
06044_AM,319.363,788.774
06050,188.108,240.686
06051_AM,3.278,18.377000000000002
06052_AM,465.508,1115.386
06054,128.564,186.871
06055_AM,756.743,843.785
06058_AM,39.15,99.238
06059_AM,202.675,333.469
06060_AM,119.897,351.763
06063,16.761,23.237
06066_AM,22.384999999999998,29.212
06067_AM,180.727,350.817
06069_AM,202.41,176.818
06070_AM,243.255,626.251
06072,36.427,108.945
06074_AM,845.023,2314.404
06080_AM,31.292,58.262
06083,1106.173,2716.187
06085_AM,1725.547,3093.868
06087_AM,53.424,49.092
06088,156.739,249.46
06091,21.191,27.474
06093_AM,69.28,93.522
06094_AM,51.501,111.37
06095,108.25,159.784
06097_AM,31.266000000000002,49.499
06103,55.028999999999996,101.966
06108,132.804,265.416
06109,20.356,98.744
06113_AM,144.085,134.11
06117_AM,62.938,146.232
06120,32.032,72.48
06121,98.043,108.648
06122,177.369,404.053
06123_AM,31.809,46.400999999999996
06125_AM,13.469,17.758
06126_AM,21.873,54.897
06127,31.331,11.308
06128,31.102,107.856
06135_AM,26.712,91.706
06141_AM,215.515,472.722
06143,42.715,63.112
06149,408.883,753.682
06153,234.079,518.158
06154,23.555,32.814
06155_AM,55.807,113.219
06158,824.167,1347.072
06159,4.711,46.967
06160_AM,58.534,77.797
06162,46.514,99.571
06901,10.488,55.266
06903_AM,34.586,65.608
07001,3.064,23.716
07002,,10.481
07003,8.016,60.951
07004,8.828,2.85
07005,14.324,27.811
07006,3.007,16.582
07008,,3.167
07010,6.436,21.296
07011,61.552,145.456
07012_AM,,7.384
07013,4.747999999999999,13.517
07014,3.7540000000000004,6.662999999999999
07015,6.895,8.184
07016,4.335,1.798
07020,,15.572
07022,44.228,21.63
07023_AM,5.011,2.9
07024,,10.814
07026,36.803,264.659
07027,13.233,45.202
07028_AM,,7.605
07030_AM,,2.582
07031,42.515,114.498
07032,7.949999999999999,22.787
07033,35.362,90.306
07036,15.908999999999999,95.902
07037,3.763,3.574
07038_AM,5.503,1.805
07039,7.048,15.61
07040,570.57,1199.995
07041_AM,,8.266
07042,12.065,26.107
07044,6.167999999999999,14.372
07045_AM,7.223,14.440999999999999
07046,35.694,123.89500000000001
07047_AM,12.918000000000001,20.467
07048,31.935000000000002,151.382
07050,6.024,27.48
07051,4.391,5.537
07052,,5.051
07054,47.912,160.992
07055,7.853000000000001,58.233000000000004
07056,20.639,2.551
07057,17.997,22.124
07058_AM,13.198,11.647
07059,,19.539
07061,5.925,39.516
07062,10.55,13.96
07064,,17.698
07065,6.848,
08001,18.278,9.299
08003,2.408,
08005,,5.659
08006,3.412,10.817
08007,5.632,
08009,5.804,10.675
08010_AM,,2.017
08011_AM,,1.673
08015,48.443,185.127
08017,2.9,
08018_AM,1.625,2.212
08019,1306.868,3164.3
08020,,12.35
08023,3.332,
08029,2.299,1.966
08030,,4.894
08031,,3.544
08032,,2.203
08033,3.3600000000000003,20.573
08035,2.618,30.564
08038_AM,,3.862
08040,5.002,
08041,3.499,34.038
08042,,1.816
08043,,5.098
08044_AM,,10.379
08046,4.396,23.041
08047_AM,,4.385
08051,13.282,11.309999999999999
08053,5.615,
08054,17.259999999999998,36.816
08056,46.796,84.109
08067,5.66,6.751
08068,2.177,6.8100000000000005
08069,,8.4
08072,8.309000000000001,7.52
08073,58.505,131.475
08074,,6.093999999999999
08075,,21.078
08076,8.074,19.991
08077,31.169,49.444
08085_AM,7.414999999999999,3.443
08086,7.684,11.674999999999999
08088,3.735,8.402000000000001
08089,10.953,61.789
08091_AM,5.342,35.695
08092,,3.23
08094_AM,4.162,4.07
08096,33.219,48.886
08097_AM,,13.893
08100,,9.949
08101,80.551,252.013
08102,3.575,12.922
08105,10.399000000000001,2.412
08106,,17.53
08107,9.132,6.622
08108,2.165,6.484
08110,,9.757
08112,,28.421
08113,12.858,33.756
08114,9.1,39.368
08115_AM,4.552,6.3629999999999995
08118,2.147,25.325
08119,1.737,1.424
08120,4.743,
08121,47.589,67.25
08122_AM,,11.4
08123,6.7219999999999995,16.240000000000002
08124,3.745,41.245
08125,10.236,51.809
08126,7.385,4.748
08127_AM,2.524,2.645
08135,,15.35
08136,,17.509
08140,,21.698999999999998
08141,,3.018
08145_AM,,15.661000000000001
08147,3.653,21.826999999999998
08148,11.486,
08149_AM,,4.923
08155,,3.63
08156,,4.498
08157,2.376,13.012
08159,3.158,2.526
08161,,14.059999999999999
08162_AM,,10.699
08163,2.666,25.32
08167,8.301,8.103
08169,229.054,899.969
08170_AM,5.033,
08172,,33.166
08175_AM,,3.506
08180,16.71,21.94
08181,4.925,22.172
08183,,5.308
08184,25.356,69.422
08187,41.515,146.558
08191,3.787,13.659
08194,14.285,26.109
08196,,30.979
08197,,9.388
08198,,2.35
08200,79.498,137.893
08202,,7.444
08203,4.466,4.296
08204,,2.152
08205,53.513,87.951
08208_AM,3.208,78.194
08209,1.926,9.661999999999999
08210,,3.484
08211,10.052,73.32
08214,,7.853
08217,40.069,43.925000000000004
08218,8.429,19.765
08219,2.031,8.017
08220_AM,3.983,2.457
08221,16.311,60.605999999999995
08223,,4.485
08227_AM,5.638,6.219
08230,,2.439
08231,8.677,41.099000000000004
08234,,2.325
08235,,1.779
08238,11.439,14.263
08240,2.743,16.298000000000002
08244,6.774,12.295
08245,54.248,61.285
08247_AM,,3.022
08248,,15.202
08251,,14.107000000000001
08252,20.262999999999998,82.503
08259,,3.377
08260,15.696,70.495
08262_AM,,7.7330000000000005
08263,8.521,17.081
08264,10.139,2.382
08266,16.154,73.447
08267,,1.738
08269,2.9,
08270,31.145,77.765
08273_AM,2.208,5.215999999999999
08274,3.167,
08278_AM,,3.618
08279,41.347,171.155
08281,2.958,11.554
08282,4.009,7.901999999999999
08283,2.25,
08284_AM,11.501999999999999,7.226
08285,,6.548
08288_AM,2.651,
08291,4.09,6.892
08294_AM,,16.267
08295,6.846,4.03
08296_AM,,6.2700000000000005
08298,11.665000000000001,33.694
08300_AM,,3.577
08301,30.843,115.434
08305,4.361,8.809
08307,15.668,51.855000000000004
08904,,9.83
08905,,1.907
09018,2.045,35.873
09048_AM,,2.639
09056,,5.902
09059,60.48,160.954
09073_AM,2.61,3.185
09109_AM,4.3,2.248
09141_AM,2.929,4.391
09174_AM,,1.25
09177_AM,2.353,5.72
09194,,1.841
09219,4.269,54.49
09238_AM,2.21,42.403
09289_AM,1.75,
09321_AM,,2.389
09330_AM,3.904,
09350_AM,,4.776
09363_AM,,14.425
09390_AM,2.714,
09410,,9.115
09413_AM,2.819,8.416
09434_AM,1.969,11.949000000000002
09439_AM,4.548,19.12
09907_AM,9.301,29.507
10004_AM,,23.518
10006_AM,2.466,11.108
10010_AM,96.96,216.311
10014_AM,,3.333
10019_AM,17.490000000000002,75.204
10020_AM,42.025,72.065
10021,14.676,11.363
10032_AM,27.79,34.584
10035_AM,2.149,16.492
10037,664.6370000000001,1465.366
10049_AM,62.359,108.607
10050_AM,5.9830000000000005,4.225
10061_AM,13.821000000000002,90.296
10064_AM,1.263,7.517
10067,31.911,79.797
10087_AM,51.179,29.457
10089_AM,7.117,69.94800000000001
10096_AM,24.357,100.269
10104,,6.402000000000001
10105_AM,3.962,8.062000000000001
10109_AM,34.564,77.0
10110,,16.761
10113_AM,30.371000000000002,44.896
10115,13.896,44.87
10116_AM,19.609,114.44
10121,70.707,155.08599999999998
10127,30.054000000000002,14.889000000000001
10128,8.017,37.879999999999995
10131,49.884,111.543
10140_AM,32.965,52.276
10146_AM,,20.918
10147_AM,13.584,29.295
10148,125.29599999999999,412.015
10175_AM,59.186,159.321
10177_AM,23.14,47.135
10180_AM,11.429,23.746000000000002
10184_AM,23.567,96.269
10186_AM,14.107,79.817
10189,,14.413
10195_AM,185.218,233.801
10203,13.873999999999999,35.829
10205_AM,7.327,
10212_AM,5.255,
10216_AM,16.269000000000002,12.796
11001,565.995,945.239
11002,2392.026,7378.857
11004,9611.842,21311.025
11005_AM,3480.825,7103.209
11006,2321.519,6197.412
11007,1303.339,1671.128
11008,3492.502,8898.701000000001
11010,609.124,2009.771
11011_AM,3688.435,3725.268
11012,7886.175,11682.137
11013,908.294,1208.914
11014,1230.518,2080.5
11015,3933.443,6772.945
11016,5682.027,4250.895
11017,1251.371,2628.516
11020,20016.784,51586.615
11021,2332.247,4835.81
11022,5882.036,14018.99
11023,569.004,1389.87
11024_AM,3865.951,9870.329
11025,175.761,485.248
11026_AM,1547.099,2885.11
11027,5112.764,12185.986
11028,1998.6,6382.998
11029,2537.605,6922.652
11030,3949.996,4716.868
11031,2867.812,6017.848
11032,7075.466,10355.005
11033,11807.807999999999,37304.93
11034,4809.012,8465.285
11035,2532.527,3166.772
11037,3295.08,10012.796
11038,1395.306,2597.508
11039,1260.112,1687.009
11041,2508.907,8044.661
11901,202.856,1043.378
11902_AM,296.135,740.906
11903,964.934,2594.982
12004,,31.107999999999997
12005,,2.785
12009,3.531,36.314
12011_AM,16.302,42.989000000000004
12012_AM,,27.153
12016_AM,6.065,
12021,,5.5840000000000005
12027,15.927999999999999,26.713
12028,17.719,15.629999999999999
12031,3.496,4.455
12032,27.939,20.676
12033_AM,,36.458
12040,37.739,164.344
12053,11.958,1.0
12072_AM,,1.903
12077,5.269,5.985
12082,,17.802
12084,5.668,26.127000000000002
12085,9.377,22.91
12089,11.022,8.078
12104,,5.747
12117,3.027,26.88
12121_AM,3.0,
12124,,8.192
12126,,9.365
12135,9.109,87.071
12138,5.884,22.539
12140_AM,12.347000000000001,
12901,,1.786
13001_AM,43.536,60.037000000000006
13005,77.948,141.492
13009_AM,32.14,4.739
13011,4.837999999999999,35.882
13013,24.381,57.953
13015,52.9,59.278
13019,,54.283
13020_AM,2.816,58.080999999999996
13023,18.852,67.084
13027,9.891,9.805
13028_AM,5.085000000000001,50.708999999999996
13031,,14.448
13033_AM,12.684000000000001,39.022
13034,183.678,599.463
13038_AM,35.36,22.313000000000002
13039,35.324,146.475
13042_AM,71.66,92.262
13044_AM,2.9,24.034
13047,29.646,35.49
13052,13.825999999999999,35.449
13053_AM,44.475,367.28000000000003
13054,36.723,62.923
13056,40.629,68.526
13058,3.421,45.945
13061,3.813,14.158999999999999
13063_AM,20.613,32.261
13064,8.369,13.825
13065_AM,2.93,29.069
13066,10.619,
13068_AM,14.555,11.352
13071,171.019,559.572
13077,82.134,449.889
13078,5.459,24.514
13079,50.152,139.344
13082,59.731,186.091
13083_AM,11.299,9.222
13085,12.489,92.69200000000001
13087,183.959,663.033
13089_AM,28.412,24.204
13092_AM,41.366,51.65
13093_AM,35.823,29.903
13096,14.493,60.874
13097_AM,51.035000000000004,140.617
13098_AM,133.56,373.93
14001,126.355,232.753
14002,1119.114,2528.369
14004_AM,98.933,229.57
14005_AM,1036.148,1975.0720000000001
14007_AM,583.497,1111.293
14008,36.098,59.208
14009,135.701,89.141
14010,2590.098,7867.164
14012,151.316,326.266
14013,1394.542,2519.477
14014,59.333,135.992
14017,6556.702,14507.269
14018,96.675,282.28
14019,279.403,646.91
14021,17150.456,41628.666
14022_AM,252.579,371.907
14023_AM,119.219,336.519
14024_AM,2244.215,5862.445
14025,118.03,264.413
14026_AM,242.23499999999999,571.132
14027,417.253,1777.403
14029_AM,210.489,397.872
14030_AM,3270.123,8890.326
14035,45.948,229.776
14036,2459.318,6156.401
14037,1879.735,3511.765
14038,5153.655,12561.596
14039_AM,302.572,431.463
14040,579.987,1370.0240000000001
14041,301.997,466.847
14042,1298.787,3121.21
14043_AM,365.704,773.034
14045_AM,548.807,1578.909
14046,100.665,302.194
14049,9306.903,28187.837
14050,81.56400000000001,309.407
14051_AM,32.888999999999996,62.321999999999996
14052,157.119,391.272
14053,799.39,2133.468
14054,361.236,967.179
14055,1190.368,1444.762
14056,10648.237,30098.782
14057,651.862,1648.27
14058,2179.037,4564.132
14060_AM,2825.359,6786.415
14065_AM,394.385,948.745
14066,149.345,467.375
14067,121.121,413.856
14069,91.598,205.894
14070_AM,47.081,64.649
14073,137.062,161.606
14074_AM,16.166,102.694
15002,2.406,20.166999999999998
15004,,7.86
15005,,14.433
15006_AM,,6.797
15007,,3.904
15008,,8.49
15010_AM,7.571,2.721
15011,5.832,12.378
15012,61.856,30.873
15013,,4.471
15014,,10.343
15015,,4.52
15017,,42.565
15019,,9.259
15020,5.259,
15021,3.802,7.4510000000000005
15023_AM,,4.711
15030,62.910000000000004,182.352
15031,10.806,175.649
15035,4.303,10.132
15036,29.904,60.903999999999996
15042,,4.964
15043,13.08,2.118
15046,,3.947
15047_AM,,1.698
15048,,1.552
15053,2.369,10.727
15054,3.117,15.159
15055,,4.631
15057,4.017,26.3
15058,9.474,7.784000000000001
15059,,2.59
15060,,3.586
15062,,3.024
15064_AM,2.552,8.543
15065,5.729,2.769
15066,35.736,26.909
15067,,3.541
15068,3.205,4.355
15069,3.064,11.367999999999999
15071,,10.706
15072,2.939,4.402
15073,15.454,4.964
15074,,4.0
15075,4.208,11.972
15078,308.792,259.812
15082,20.274,22.555
15084,3.388,
15085,7.593,9.915
15088,,1.978
15089,2.942,5.231
15902,3.564,
16023_AM,4.5920000000000005,4.51
16027_AM,1.706,19.686999999999998
16042_AM,,11.030000000000001
16066,,1.829
16078,28.771,88.403
16102_AM,4.069,15.024999999999999
16106_AM,,9.408
16112_AM,,9.052
16113_AM,1.582,12.256
16117_AM,,4.073
16125_AM,9.983,58.332
16134,,34.184
16154,,6.809
16170_AM,3.574,10.672
16171_AM,,12.277000000000001
16175,,1.553
16190,4.3260000000000005,48.091
16191_AM,,2.574
16198_AM,16.132,62.26
16203,29.137999999999998,86.077
16249_AM,5.727,2.684
16251_AM,13.449,22.548000000000002
16903_AM,,8.802
16905_AM,4.536,31.003999999999998
17006_AM,4.969,
17007_AM,,1.997
17012_AM,4.304,11.052
17013,,6.047000000000001
17015,5.274,
17016_AM,,2.091
17023,11.67,45.488
17034,4.354,6.589
17036_AM,,6.12
17047,,2.239
17048,,9.044
17062,2.389,3.723
17066,8.695,18.65
17073,,2.888
17079,33.47,66.068
17083,1.984,
17086_AM,12.53,5.783
17089,,10.555
17092_AM,,3.3
17095,5.162,70.273
17103,2.397,24.346
17111_AM,,4.113
17114,10.354,25.662
17117,8.74,2.08
17124_AM,,5.484
17132_AM,,10.106
17141,,14.774000000000001
17147,,6.152
17152,,7.318999999999999
17155,,7.753
17160,2.878,6.538
17163,,2.116
17164_AM,,6.714
17169_AM,,8.041
17178_AM,,6.15
17180_AM,,3.369
17181,,2.53
17186,,8.786999999999999
17193,7.109999999999999,5.178
17202,4.096,
17213,,2.925
17215_AM,1.0,2.761
17221,,2.205
17223_AM,,3.667
17902_AM,2.007,
18003,588.364,1469.387
18006,93.9,234.315
18011,192.366,288.821
18013,1918.089,2708.792
18014_AM,337.802,789.347
18017,5515.496,10260.658
18021,2241.023,2513.345
18022,578.384,1333.985
18023,206.845,550.827
18027_AM,107.141,272.478
18029_AM,76.924,95.394
18035_AM,26.861,103.325
18036,158.029,238.2
18039,39.263999999999996,64.952
18047,242.809,254.461
18048,134.645,289.66
18050_AM,33.355000000000004,101.858
18056,33.893,203.896
18057,181.889,315.951
18059,372.851,1013.292
18061_AM,165.5,515.421
18062,408.286,549.632
18063_AM,75.676,289.222
18066,37.282,60.425000000000004
18071_AM,251.973,348.303
18079,83.857,258.405
18084,120.98,247.359
18087,13442.263,18895.117
18088_AM,70.459,139.766
18089,386.189,731.855
18093,144.231,166.434
18094,1765.868,833.877
18095,67.133,92.443
18098,13.108,40.903999999999996
18099_AM,198.962,216.653
18100,894.026,1577.6299999999999
18101,362.707,443.827
18102_AM,373.642,526.683
18105,65.666,208.369
18108_AM,133.182,191.699
18111,75.388,157.531
18115,195.154,417.282
18116_AM,528.148,242.701
18119_AM,254.442,298.649
18122_AM,5795.233,11189.798
18127,671.858,1098.524
18132,64.114,105.751
18133,166.475,417.964
18134,4105.3,2681.135
18135_AM,387.344,576.373
18136_AM,45.327,149.091
18137_AM,48.86,69.369
18138,221.125,429.82
18140,2537.545,7341.885
18145,417.00600000000003,756.625
18147,296.712,318.709
18148_AM,643.432,2064.663
18149_AM,316.487,611.755
18150,287.093,434.761
18152_AM,31.9,40.289
18153,320.501,1249.451
18157_AM,153.419,78.772
18158,312.311,680.553
18162_AM,210.454,146.611
18164_AM,36.909,56.691
18165,229.72,336.003
18171_AM,272.716,563.562
18173,1066.93,2010.8700000000001
18175,584.929,1224.121
18182,42.495,50.909
18184_AM,192.554,454.841
18192_AM,851.909,2098.823
18193,581.748,876.237
18194,67.179,95.82600000000001
18903_AM,433.719,228.594
18905,556.878,832.066
18907_AM,168.172,121.253
18911,363.62,474.674
18912_AM,33.637,35.869
18916,98.104,248.04500000000002
19021_AM,,2.486
19024,,63.755
19046,15.466999999999999,125.039
19053_AM,1.217,12.444
19058_AM,9.536,103.123
19071,,31.395
19086_AM,11.215,1.8
19105,,40.255
19117,,20.645
19126,,9.533999999999999
19130,23.638,192.916
19151_AM,,11.768
19160_AM,9.243,2.909
19171,,19.515
19192,,4.485
19220_AM,5.069,3.311
19245_AM,3.011,16.11
19257_AM,1.529,3.309
19274_AM,3.282,92.599
19280,4.24,3.523
19293,,2.122
19319,,60.773
19326,2.089,
19331,21.658,17.625999999999998
20009,,6.7170000000000005
20010_AM,,3.209
20013,,5.411
20016_AM,,2.106
20017,8.162,2.05
20018,,7.938000000000001
20019,3.398,7.516
20022_AM,,7.237
20030,2.749,21.682000000000002
20032,,2.887
20036,3.24,75.403
20040,,8.738
20043_AM,19.369,2.123
20045,9.79,19.083
20049,3.398,
20051,3.966,
20052_AM,3.835,7.167
20053,,3.106
20055,3.104,8.135000000000002
20061,,6.35
20063,,12.540000000000001
20064,3.968,14.628
20069,24.035,208.112
20071,6.559,
20072,,3.864
20073,,7.71
20074,,6.327999999999999
20075,,4.129
20076,25.079,
20079,6.112,6.469
20080,,5.556
20081,,8.338000000000001
20902,,12.801
21002,1240.986,2619.165
21005,13562.176,15288.35
21006,200.435,190.87
21007_AM,3515.32,4319.918
21008_AM,207.024,451.283
21010,1796.205,2378.162
21011,292.753,668.758
21013,2342.521,5525.953
21014,459.416,1114.95
21017_AM,214.852,448.714
21018_AM,452.418,808.312
21021,1564.883,2630.152
21023_AM,622.456,1055.872
21025,308.301,633.049
21029_AM,640.963,734.106
21032_AM,1919.174,5001.051
21035,487.332,1334.092
21040_AM,4506.828,11424.781
21041,8296.894,25754.414
21042,1928.221,2329.991
21043_AM,1715.542,1270.437
21044,2328.448,3221.342
21046,137.227,611.126
21049,664.936,2149.983
21050,1917.131,3367.868
21052_AM,1043.169,2021.575
21053_AM,750.27,1736.376
21054,1965.319,5902.026
21055,902.71,3818.572
21056,1203.476,3618.394
21058_AM,158.545,314.04
21060,1745.89,2410.837
21061,1071.066,1944.209
21063,114.97,181.07
21064,641.646,1403.692
21069_AM,4424.983,7289.829
21070,381.2,1142.343
21072,959.132,1768.57
21073,105.806,160.856
21074_AM,1737.269,4458.059
21076_AM,221.03,606.318
21078,406.983,722.856
22039_AM,5.2,2.744
22048,8.315999999999999,4.1690000000000005
22054_AM,5.744,
22059_AM,,5.348
22061,,3.011
22084_AM,6.5329999999999995,
22112_AM,5.007,5.305
22116_AM,9.234,
22117_AM,,2.204
22125,16.419,34.834
22130,2.793,17.417
22137_AM,3.282,
22158,3.796,6.397
22199,3.905,
22225,3.707,
22254_AM,,2.481
22901_AM,4.628,
23002,447.698,686.128
23003,137.363,417.413
23005,640.793,1702.561
23006,72.05,122.667
23007_AM,68.59,156.403
23009,325.51,793.112
23010,272.804,1661.472
23011_AM,93.749,367.307
23012_AM,51.848,106.405
23014,26.643,86.387
23015_AM,18.490000000000002,39.458
23018,89.62100000000001,114.274
23019_AM,53.161,115.887
23024,190.803,722.958
23025,24.333,9.329
23026,59.858,117.437
23028,165.512,129.35
23034,26.164,80.14
23038,85.599,149.188
23039,243.704,1076.216
23040_AM,16.238,50.578
23044_AM,73.88,104.942
23045_AM,21.765,57.315000000000005
23046_AM,38.062,69.396
23050,2295.707,3812.513
23051,25.073,92.269
23053,42.879999999999995,163.593
23055,495.384,1595.776
23056,49.466,89.561
23058,97.915,337.272
23059,111.706,309.636
23060,428.711,575.177
23061_AM,148.016,596.669
23062_AM,7.623,17.956
23063_AM,33.359,75.913
23066,45.116,53.475
23067,44.115,87.911
23069_AM,77.527,200.48499999999999
23070,31.703,45.762
23072_AM,18.39,75.128
23073_AM,29.668,119.109
23074_AM,33.879,98.509
23075,54.785000000000004,62.312
23079_AM,29.961,46.379
23080_AM,75.303,86.027
23082_AM,14.137,40.785
23086_AM,415.583,499.686
23087,205.755,336.782
23088,66.073,164.696
23090_AM,13.964,11.143
23092,475.883,947.468
23093_AM,107.998,105.224
23094_AM,138.993,525.694
23095,64.059,126.637
23096,48.091,114.45
23097_AM,57.091,161.005
23099,62.128,97.119
23902,41.317,47.417
23903_AM,38.711999999999996,89.918
23904,22.85,40.187
24008,,10.105
24010,,16.703
24015_AM,1.547,2.582
24021_AM,,3.759
24030,,9.004999999999999
24034,,15.309
24039_AM,6.728,18.828
24056_AM,3.124,9.447
24059_AM,,4.689
24061_AM,,2.292
24088_AM,,11.347999999999999
24089,21.543,158.365
24092_AM,,13.591000000000001
24094_AM,,6.071
24114,,5.676
24115,9.38,50.083
24122_AM,4.163,
24134,,5.687
24142,,19.254
24148_AM,,13.766
24154_AM,,6.623
24157_AM,,7.125
24160_AM,3.162,3.289
24162_AM,16.406,61.53
24163,,10.776
24170_AM,,2.313
24175_AM,1.961,
24181_AM,,4.168
24183_AM,,6.335
24189,5.181,34.244
24222,2.081,5.12
24223,,4.284
25011,,5.042
25012,,8.403
25021,,1.677
25023,3.291,
25025_AM,1.981,2.377
25029_AM,4.052,7.096
25038_AM,,3.554
25040,,7.38
25050,,4.065
25053_AM,,2.33
25058,2.816,
25059_AM,,5.646
25072,,9.128
25099_AM,,7.7989999999999995
25110,,2.119
25113_AM,,9.349
25119_AM,,1.323
25120,62.622,208.634
25137,5.305,26.501
25158_AM,3.662,6.167
25192_AM,,20.0
25207,1.577,6.719
25217,,17.861
25228,,2.791
25234,,12.197
25240_AM,,4.784
25243,,2.82
26002_AM,,4.989000000000001
26005,1.203,1.446
26008,,3.824
26011,,8.331
26021_AM,,2.826
26026_AM,,2.932
26036,4.138,32.438
26042_AM,,6.8919999999999995
26047_AM,,12.614
26061_AM,,5.146
26071_AM,11.558,1.25
26084,,2.951
26089,22.941,105.697
26102,,6.9559999999999995
26105_AM,4.368,
26125,,2.52
26129_AM,,3.9159999999999995
26138,,14.499
26168,,2.427
27007_AM,7.329,
27010,,3.135
27013,,7.917
27014_AM,,11.732999999999999
27016,,7.205
27018_AM,,21.167
27019,2.283,13.057
27022,,4.324
27024_AM,,1.541
27027_AM,,2.281
27028,7.103999999999999,74.932
27031,,5.254
27039,,4.58
27042_AM,,4.231
27044_AM,,10.472999999999999
27048_AM,,7.39
27051,,3.411
27057,10.187,
27065,6.111,5.71
27066,,12.571
28002,24.009999999999998,52.984
28004,2.345,30.564999999999998
28005,143.287,478.897
28006,32.408,310.827
28007,127.779,266.14300000000003
28008,,2.368
28009,4.411,98.82000000000001
28010,1.0,13.519
28012_AM,,8.609
28013,33.409,211.672
28014,52.838,100.561
28015,29.639,86.77
28018,3.592,9.596
28019_AM,,1.734
28022,54.815,163.196
28026,,15.938
28027_AM,,11.868
28030,3.751,4.0
28031,,3.956
28032_AM,11.372,48.627
28033,4.798,
28036,9.774000000000001,6.43
28038,,33.528
28040,24.397,146.256
28041,5.555,3.791
28043,,15.379
28044,2.089,14.114
28045,45.433,149.22899999999998
28046,,16.105
28047,16.2,44.677
28049,50.563,259.457
28050,3.97,27.737000000000002
28052,9.408999999999999,27.018
28053,5.185,18.127
28054,1.902,7.796
28057_AM,,5.527
28058,200.617,348.291
28059,,18.008
28060_AM,6.29,7.605
28061,15.350000000000001,63.690000000000005
28065,141.993,979.678
28066,18.621000000000002,48.78
28067_AM,,17.613
28068,23.59,17.229
28072,,42.053
28073,8.152000000000001,28.168
28074,116.84,318.185
28075,4.702,38.928
28079,10428.604,25586.97
28080,55.864,130.785
28082,,5.418
28083,8.582,51.39
28084,18.906,64.522
28085,11.1,21.684
28086,10.985,5.353
28087,,4.868
28089,6.353,13.059000000000001
28090,21.13,12.166
28091,,14.957
28092,86.886,263.31600000000003
28093,,4.289
28095,,4.114
28096,24.479,90.376
28099_AM,2.369,9.45
28100,,13.668
28104,58.774,147.946
28106,76.254,177.12199999999999
28109,,7.353
28110,,5.594
28113,55.403999999999996,318.067
28115,85.438,267.271
28123,59.58,205.525
28125,8.315,
28127,128.631,260.426
28129,25.092,63.879
28130,45.324,275.373
28131,4.753,41.985
28132,20.013,39.397999999999996
28133,,21.616
28134,62.467,243.073
28137,8.412,8.308
28140_AM,6.119999999999999,6.641
28141,,20.75
28144,23.088,38.243
28148,109.671,489.247
28149,11.754,35.861
28150,7.404,11.127
28151_AM,3.889,14.135
28152,26.137,33.616
28154,10.48,19.028
28160,17.736,26.182
28161,159.888,457.199
28162,3.126,8.126
28164,2.611,8.311
28165,4.104,
28167,3.5600000000000005,13.425
28168_AM,1.462,12.324
28169_AM,,4.311
28170_AM,9.916,4.146
28171,8.464,4.202
28172,13.771,9.269
28174,,4.636
28176,43.04,38.369
28177,7.202,21.237000000000002
28178_AM,5.235,9.369
28179_AM,4.679,32.708
28180,,9.272
28181,20.401,95.13
28183_AM,,15.788
28901_AM,2.231,17.624
28903,59.925,181.005
29001,16410.594,45242.081
29002_AM,26577.109,65397.477
29005,27448.291,75542.723
29007,252555.131,722202.313
29008,131359.957,364292.15
29009_AM,20226.054,45985.739
29011,15789.36,39755.01
29012,37864.618,99767.802
29015_AM,243751.342,779879.898
29017,29073.687,81016.299
29018_AM,9516.893,21173.721
29020_AM,13486.081,37091.877
29023,54709.727,201094.725
29025,372635.781,1107142.101
29027_AM,20060.081,58447.672
29028_AM,19675.442,43914.613
29031_AM,7979.689,19298.328
29032,26356.679,74230.739
29038,135372.921,380610.484
29039,16643.659,44027.547
29040,13310.177,30440.799
29041,27352.35,82163.221
29042,118103.339,336098.218
29043,13378.993,32809.666
29045,7071.855,20481.58
29046,4387.519,11567.383
29049_AM,5655.632,16010.123
29051,383868.485,1186595.834
29053,13775.54,36585.741
29054,440472.362,1267329.031
29055,7859.519,22990.139
29056_AM,19809.547,48099.359
29059,7826.602,22130.869
29067,3153932.775,10004252.776
29068,65664.483,189747.242
29069,820179.076,2671928.487
29070,425518.421,1306767.737
29072,20710.27,48082.967
29073_AM,15919.582,41978.581
29075,94229.055,266106.796
29076_AM,19229.787,57233.756
29079,7996.999,21072.83
29080,33261.719,91343.731
29082_AM,228375.167,667689.942
29083_AM,8871.779,20284.58
29084,167545.962,509919.629
29086_AM,28346.285,74703.079
29088,4963.86,14735.947
29089_AM,10857.038,26309.994
29090_AM,7818.022,21398.977
29091,73835.539,212965.164
29094,448086.46,1302668.428
29095_AM,9030.191,24157.478
29096,7452.441,20139.149
29097,15601.937,41235.103
29100,5134.021,10360.714
29901,388138.418,1120059.416
29902,7214.696,18638.096
30001,6.481999999999999,7.333
30002,2.629,36.535
30003,43.368,160.638
30005,24.964,191.707
30007,,6.779
30008,74.403,171.864
30009,6.986000000000001,65.507
30010,7.992999999999999,20.988
30011,14.291,6.8469999999999995
30012,2.055,6.269
30013,2.758,30.282
30014_AM,,9.4
30015,39.088,226.494
30016,190.939,481.675
30017,21.113,45.541
30018,3.78,24.080000000000002
30019,1.998,33.385
30020,16.915,5.628
30021,19.78,36.677
30022,9.626999999999999,67.74
30023,19.087,41.05
30024,138.588,433.728
30025,14.161,30.671
30026,23.775,73.81
30027,58.372,285.68
30028,2.427,5.15
30029,2.851,34.268
30030,371.768,1279.2
30032,3.208,1.825
30033,23.778,143.245
30035,48.464999999999996,81.932
30036,15.870999999999999,39.869
30037,19.6,97.195
30038,9.412,129.492
30039_AM,24.774,119.728
30041,7.239,42.151
30042_AM,,8.074
30043,8.940000000000001,33.896
30901,9.143,65.286
30902,8.27,37.253
31010_AM,5.929,
31019_AM,4.033,
31036_AM,,3.5
31042_AM,6.744999999999999,
31050_AM,3.726,
31060,,2.522
31065,,11.453999999999999
31067_AM,,2.158
31068_AM,,9.067
31072_AM,,14.613
31076_AM,1.374,9.246
31077,,9.023
31078_AM,,1.375
31086,,20.622
31088,6.3469999999999995,5.234999999999999
31098,8.556,
31108_AM,,3.268
31122,,3.407
31157_AM,,2.223
31159_AM,,2.02
31165_AM,2.857,
31176,,3.651
31191_AM,,11.876000000000001
31201,12.959,81.786
31202,,13.746
31208_AM,,15.729
31216,,3.046
31227,,2.135
31232,21.51,34.626
31249_AM,,12.556
31250,,2.0
31254,,3.0
31901,,3.755
31902,,9.562
31903,,4.668
31904_AM,,8.466
31907,,6.228
32004_AM,,3.457
32008,,12.427
32013_AM,3.763,
32017_AM,,3.114
32019,,7.942
32020_AM,,5.071
32025_AM,,2.146
32026_AM,,1.586
32031_AM,,3.362
32032,,28.34
32034_AM,20.306,2.354
32045,1.531,1.229
32051_AM,,4.524
32053_AM,,2.423
32054,30.754,53.762
32058_AM,4.197,14.102
32075_AM,,18.231
32076_AM,1.483,
32085,6.503,
32091_AM,,4.932
33001_AM,,5.274
33002,,20.758000000000003
33004,9.511,53.57
33006_AM,,6.324
33008_AM,,13.048
33012,9.439,13.215
33014,,20.563000000000002
33016,5.383,32.788000000000004
33017,,3.245
33018,,1.93
33020_AM,5.21,2.41
33021,2.519,
33024,74.667,211.78
33025,,16.862000000000002
33026_AM,,7.465
33031,11.883000000000001,23.231
33032,,10.74
33033,,16.774
33034,,12.289
33035,5.0969999999999995,36.348
33036,,6.643000000000001
33037,4.3549999999999995,22.52
33040,,2.765
33044,89.322,232.757
33045,,15.704
33049,,4.049
33051_AM,5.99,14.981
33060,11.693999999999999,17.2
33066,20.192999999999998,68.896
33069_AM,6.316000000000001,15.262
33072_AM,,9.568
33073,,10.093
33074_AM,,3.337
33076,2.519,22.132
34004_AM,,2.1
34017_AM,,2.052
34022_AM,,8.324
34023,4.227,8.818
34047_AM,,2.937
34069_AM,12.631,11.776
34079_AM,,7.9239999999999995
34080,,21.099
34120,27.043,64.305
34157,,1.666
34171_AM,,12.893
34218_AM,,3.795
34225,5.682,27.343
34232_AM,,6.983
35002,6.227,61.994
35003_AM,1.243,11.464
35004,49.377,120.496
35006,43.643,62.957
35008,3.855,14.624
35009,13.623,25.85
35010,10.52,19.439999999999998
35011,10.202,61.167
35012,14.783000000000001,35.046
35013,4.535,9.69
35014,10.18,36.464
35015,8.644,30.546
35016,259.683,743.978
35017,72.657,72.979
35018,93.304,93.29
35019,91.385,105.294
35021,13.385000000000002,31.573
35022,19.911,94.937
35023,3.394,9.312
35024,32.299,47.522999999999996
35025_AM,4.46,2.719
35026,76.641,267.365
35027,7.136,
35028,12.376,27.737000000000002
35029,9.696,1.534
35030,24.584,19.386
35031,4.935,7.128
35033,,7.5329999999999995
35034,24.491,86.747
36002,3.949,6.7780000000000005
36003,,8.389
36004,,11.426
36005,,2.919
36006,,11.871
36008,2.641,7.551
36015,,7.6899999999999995
36017,4.592,15.905000000000001
36018_AM,,2.298
36021,,8.13
36022,10.214,10.222999999999999
36026,10.226,1.859
36027,,7.866
36028,,7.522
36029,4.11,7.7219999999999995
36030_AM,,3.833
36033,7.824,25.841
36034,,7.217
36035,4.23,10.933
36036,,1.375
36038,37.857,61.74
36039,6.74,
36041,,10.079
36042,,7.614000000000001
36044,,9.386
36045,,13.815
36048,,2.657
36049,1.943,
36051,,11.624
36053,,16.653
36054,,3.056
36055,2.276,7.199999999999999
36056,3.833,5.649
36057,54.368,178.559
36060,12.629,31.14
36061,,6.774000000000001
36901,6.135,2.699
36902_AM,,5.235
37008,3.416,7.308999999999999
37010_AM,16.128,25.320999999999998
37014_AM,,2.026
37023_AM,10.893,56.268
37046_AM,49.173,66.506
37067_AM,11.257,19.964
37069_AM,13.594999999999999,19.23
37073_AM,13.133,38.395
37085,2.807,18.66
37092,1.54,7.781000000000001
37103_AM,19.557,50.785
37107,9.019,8.716999999999999
37117_AM,5.728,5.0
37135_AM,13.388,
37140_AM,6.504,12.364999999999998
37142_AM,2.773,46.043
37156,18.958,45.542
37170_AM,8.207,9.251999999999999
37172_AM,13.022,8.181
37174_AM,5.497999999999999,5.129
37202_AM,7.683,25.102
37246,,2.91
37274,190.262,351.186
37294,2.48,38.911
37313_AM,36.178,36.296
37322,,7.202
37354,3.252,29.606
37362,12.241,12.748
37374_AM,1.75,19.631
37376_AM,2.418,4.708
38001,19.758,104.023
38004,2.934,11.406
38005,12.101,12.257
38006,26.433,131.172
38009,3.025,3.691
38010,,7.699999999999999
38011,50.955,29.24
38012,2.814,7.571
38015,4.072,2.634
38017,69.489,151.69
38018,4.8740000000000006,
38019,5.232,25.909
38020,15.862,25.727
38022,6.436999999999999,14.248
38023,194.267,391.282
38024,,2.6
38025,19.854,8.145
38026,20.713,41.954
38027,,2.705
38028,40.426,112.75
38031,14.27,49.329
38032,,16.231
38034,,4.827
38035_AM,8.434999999999999,49.055
38036_AM,,22.625
38037,,2.594
38038,122.228,447.483
38039,2.886,2.541
38040,,15.999
38041,2.516,11.955
38043,11.85,38.204
38046,38.274,79.06099999999999
38047,,2.837
38051,3.167,
38053_AM,15.25,11.405000000000001
39001_AM,,4.5
39002,2.773,6.301
39008,3.224,10.036999999999999
39009_AM,5.829,5.441
39012,5.307,7.845000000000001
39016,27.39,55.586
39018,,3.595
39019_AM,5.9670000000000005,11.933
39020,4.778,40.057
39025,,2.685
39026_AM,,7.124
39027_AM,,3.248
39030_AM,2.806,
39035,10.876000000000001,19.193
39037_AM,3.464,5.7509999999999994
39038_AM,,5.839
39042,,8.121
39043_AM,11.113999999999999,2.825
39044,,1.914
39052,9.876999999999999,40.369
39054,7.321,
39055_AM,,3.0
39056_AM,,8.469999999999999
39057_AM,8.91,
39060,,11.393999999999998
39062_AM,,2.434
39073,7.162,
39074,,5.73
39075,27.049,197.377
39076,,9.445
39078_AM,,5.002000000000001
39079,,9.354
39080,,3.369
39082_AM,2.259,3.169
39085,,8.775
39087,16.968,40.318
39091_AM,,8.690999999999999
39095,,1.387
39099,5.186,1.92
40032_AM,8.218,16.966
40040_AM,20.02,
40041_AM,2.56,7.683
40043,2.887,2.499
40057_AM,3.488,3.04
40063,4.81,26.387
40076,12.704,14.868
40094_AM,,8.922
40101_AM,2.942,12.798
40112_AM,8.709,2.442
40138_AM,,7.713
40141_AM,,6.407
40145_AM,2.71,13.149000000000001
40149_AM,42.775999999999996,
40155,19.391,
40170_AM,2.968,5.517
40181,2.658,9.54
40194,74.208,84.813
40225_AM,3.197,11.954
41003,9103.777,26391.027000000002
41004,364689.58,1194364.29
41005,63847.12,182701.853
41006,5205.509,16861.768
41007,48524.469,152758.417
41010,18616.343,55627.281
41011,70630.774,204764.892
41012,24837.083,68002.138
41013,10254.558,30041.437
41014,4355.965,12945.303
41015,25501.85,74029.253
41016,47649.693,156180.472
41017,103246.971,307935.641
41018,40992.705,123718.255
41019,11350.542,34929.86
41020,63018.792,181394.283
41021,156556.962,484577.426
41022,14078.785,39018.118
41023,20779.057,60354.379
41024,142319.83,419199.12
41025_AM,8041.324,24439.917
41026,15550.181,43139.137
41027,16354.298999999999,37928.998
41028,9891.797,29562.023
41029,76358.639,230661.859
41032_AM,17595.256,41204.919
41033_AM,12522.118,46738.112
41034,111165.584,335607.474
41036,7200.131,18909.917
41037,5928.445,16603.66
41038,697089.407,2182587.717
41039,194783.366,596542.983
41040,74743.13,220343.497
41041_AM,64481.918,184074.148
41042,18890.783,56260.38
41044,39352.657,121906.98
41045,25964.592,70789.992
41046_AM,9201.455,28499.61
41047,96366.844,280002.931
41048_AM,9559.204,23056.709
41049,51010.521,141910.869
41050,13687.979,42474.609
41051,17674.456,57106.343
41052,4646.886,14113.661
41053,111032.142,329142.88
41055,51190.069,143815.884
41056,9104.28,30065.199
41058,95945.499,284865.598
41059,197831.489,633372.667
41060,64733.049,192317.888
41061,10832.721,26946.113
41062,4721.245,13009.44
41063,9192.885,27339.208
41064,7223.157,19521.61
41065_AM,105140.805,315898.011
41067,35003.841,106249.068
41068,91465.423,274657.934
41069,175654.058,497629.14
41070,40545.724,118388.509
41071,29004.8,76731.337
41072,12405.146,33717.756
41074,8647.275,25860.473
41075,47708.657,142092.386
41076_AM,8557.507,22374.939
41077,34148.403,96614.032
41078,11199.154,25190.299
41079,41041.082,113275.122
41080_AM,22133.812,41402.83
41081,173685.76,570031.332
41082,19992.67,56895.986
41084,7080.9,20105.854
41085,26466.740999999998,88413.608
41086,106706.207,335630.081
41087,49670.459,149695.685
41089,27245.68,95439.624
41090,9547.163,26190.34
41091,3490118.65,11244661.414
41092,28385.903,84212.087
41093,129590.135,413475.666
41094,25342.767,80158.71
41095,263283.895,793249.115
41096,43252.395,130950.619
41097,12642.805,35166.382
41098,20552.933,57254.203
41099,11851.281,32208.864
41101,14059.284,38635.335
41102,54976.048,164160.142
41901,8791.149,25546.105
41902,15429.811,40430.716
41903,11952.616,35288.507
41904,5550.681,15212.465
42020,3.013,5.7490000000000006
42025_AM,7.677,11.75
42035_AM,,5.849
42069_AM,2.59,3.4
42094_AM,,2.366
42095,2.752,24.005
42134,,17.398
42164_AM,3.725,3.221
42173,,35.172
43002,5.264,2.078
43004,,4.962
43005,,5.974
43012,,5.997
43013,,9.01
43014,2.221,3.173
43020_AM,4.487,
43028,,6.1530000000000005
43037,4.652,8.995000000000001
43038_AM,15.02,33.71
43042_AM,,8.851
43043_AM,24.906,134.29
43044,2.726,3.123
43047,,14.152
43050,,9.873000000000001
43051,4.606,15.445
43054_AM,9.838999999999999,3.786
43060_AM,,2.092
43086,2.213,20.921
43090_AM,,3.9669999999999996
43092,2.504,73.715
43095_AM,,11.115
43100,,12.508
43104,5.614,4.763
43108_AM,7.924,2.824
43111,,1.936
43123,7.702,38.286
43126_AM,,27.416
43129,4.025,7.535
43131,,3.104
43136,4.338,27.982
43137_AM,,15.582
43140,,5.438
43142_AM,17.083,
43145,,2.88
43148,31.763,79.953
43153,9.368,13.615
43155,5.26,6.098000000000001
43156,3.46,7.484
43161,10.111,32.17
43162,9.129,20.631
43163,4.824,39.263
43166_AM,1.083,11.06
43171,2.519,20.107
43903,,18.292
43904,6.351,27.075000000000003
43905,48.878,29.034
43906,,8.85
43907,9.619,13.719999999999999
44008_AM,3.031,1.67
44013,,15.659
44014_AM,,2.67
44025,,2.75
44050_AM,3.212,
44076,,8.193999999999999
44155_AM,2.278,
44158_AM,6.5,8.184000000000001
44209_AM,7.431,4.077999999999999
44210_AM,,9.365
44216,22.104,19.363
44246_AM,,17.345
45002,,5.167
45012_AM,27.349,80.402
45013_AM,2.814,
45014,2.639,4.511
45019,3.795,21.266000000000002
45020_AM,3.849,11.957
45021,2.664,7.584
45023_AM,,32.900999999999996
45028,2.195,24.491
45034_AM,2.767,29.396
45037_AM,,21.931
45038,9.682,5.261
45040_AM,1.0,7.7940000000000005
45041,4.474,37.486
45045_AM,2.248,23.411
45046_AM,8.298,25.464
45047_AM,11.44,30.79
45051_AM,,11.655000000000001
45052_AM,14.479,
45053,5.779,21.875
45054,,10.505
45056,25.345000000000002,
45059_AM,45.112,150.274
45064,14.978,25.22
45066,,9.600999999999999
45067_AM,,22.913
45069_AM,,3.817
45078_AM,4.948,
45081,28.059,194.434
45082_AM,11.921,32.669
45085_AM,,12.116
45087,26.248,118.644
45088,8.559000000000001,
45099,9.166,4.86
45101_AM,4.729,2.78
45102,,24.222
45106,,21.645
45107,2.268,13.234000000000002
45109_AM,,1.0
45110_AM,,3.545
45112_AM,,17.595
45115,12.562999999999999,48.801
45118_AM,3.185,10.154
45119,2.116,26.012999999999998
45121_AM,14.038,120.556
45122,5.301,26.895000000000003
45123,19.739,104.68
45124,9.785,17.389
45125,1.872,35.332
45132_AM,,13.315
45133,,13.003
45135,,6.643000000000001
45136,,3.27
45137_AM,,8.59
45140_AM,,12.062999999999999
45142,21.372,35.278999999999996
45145,6.82,2.622
45153_AM,,6.118
45156,,6.341
45157,,3.106
45158_AM,4.728999999999999,22.691
45161,33.299,200.905
45163,,20.096
45165,72.992,235.001
45166_AM,23.927,80.67099999999999
45168,251.746,345.522
45171_AM,17.051,9.905000000000001
45173,2.704,28.729
45176,10.696,17.157
45180,15.107,6.166
45181,7.007,9.056
45183,6.707,38.792
45185,1.284,28.963
45187,,17.16
45188_AM,2.062,35.233999999999995
45189_AM,,14.22
45192_AM,,10.178
45195,6.571,13.622
45198,6.807,13.804
45199,7.35,5.15
45200_AM,8.195,26.824
45201,,37.44
45202,1.711,6.981
45203,,22.793
45205,5.061,37.543
46004_AM,,9.853
46005,,10.873
46006,,7.666
46007_AM,4.787,15.395
46008,1.903,3.175
46009,13.176,5.241
46011_AM,,45.967999999999996
46013,29.535,42.513
46014,3.779,20.302
46015,1.851,23.898
46016_AM,9.432,33.347
46017,25.254,57.086
46019,2.322,17.442999999999998
46020,5.036,22.127
46021,13.948,23.936999999999998
46022_AM,1.637,36.324
46025,,2.091
46029,14.241,83.679
46031,,5.532
46032,,11.872
46035,6.111,41.784
46037_AM,,6.6690000000000005
46042,,3.661
46044,4.901,2.452
46048,1.395,4.051
46051,3.197,16.879
46054,,8.256
46055_AM,3.047,9.572
46058_AM,2.842,7.82
46060,,3.187
46062,2.441,10.235
46067_AM,,1.893
46070,25.492,24.313
46072,2.833,
46074,7.061999999999999,12.539
46077,18.011,38.197
46078,21.987,23.543999999999997
46080_AM,5.132,34.838
46081,3.838,14.424999999999999
46082,,2.199
46083,12.435,21.01
46084_AM,2.814,16.208
46085,15.367,35.457
46094,,26.241
46097_AM,2.596,5.188000000000001
46098,,15.027000000000001
46102,36.869,102.985
46105,4.104,11.212
46109,14.86,79.518
46110,,1.953
46111,48.644,74.965
46116,7.79,5.925
46118_AM,2.446,15.208
46120_AM,,9.18
46122,3.168,
46123,,2.739
46126,,2.498
46127_AM,,2.899
46128_AM,,18.397
46131,20.922,26.141
46135,5.5,23.429000000000002
46136,2.779,5.253
46139,3.9720000000000004,27.405
46143_AM,20.381,18.503999999999998
46145,9.991,42.312
46147,8.938,64.955
46150_AM,2.242,3.4110000000000005
46155_AM,,2.487
46159,42.842,121.793
46160_AM,,6.576
46164,10.393,7.664
46165,,16.997
46166,,5.484
46169,14.95,28.712
46170,8.551,8.245000000000001
46171,11.222999999999999,8.139
46172,,7.924
46173_AM,16.177,24.407
46176,,3.59
46177_AM,5.0969999999999995,35.267
46178,7.725,26.988
46179,,1.836
46181,17.823,25.185
46182_AM,,3.472
46183,,26.747999999999998
46184,8.248,25.841
46186,5.603,24.353
46190,28.735,120.98
46193,7.264,77.106
46194,29.785,46.295
46197_AM,,13.731
46199,,5.4399999999999995
46200_AM,14.657,31.27
46202,,59.302
46203_AM,,19.71
46204,10.208,27.396
46205,,21.064999999999998
46207,7.3420000000000005,29.272000000000002
46211,4.5969999999999995,12.138
46212_AM,,1.944
46213,11.562000000000001,87.33200000000001
46214_AM,16.076999999999998,217.635
46216,,22.67
46217_AM,,2.02
46218_AM,,5.32
46220,33.185,84.184
46223,2.233,9.456
46228,1.551,1.913
46229_AM,,31.512
46230,15.044,32.513
46231_AM,9.075,2.869
46233,2.192,16.457
46235,6.386,15.3
46237,,4.676
46238,6.8740000000000006,19.355
46244,33.803000000000004,95.863
46248,,11.122
46249,7.487,11.205
46250,502.61,1349.818
46251_AM,5.015,13.952
46255_AM,,28.995
46256,,9.535
46257,2.512,8.55
46258,,5.323
46261_AM,,5.507
46903,3.176,6.313000000000001
47004_AM,40.257,2.284
47007_AM,,3.179
47010,14.008,43.311
47023_AM,8.122,14.212
47027,,9.943999999999999
47030_AM,,8.855
47050,2.173,14.68
47052,14.568000000000001,16.011
47066_AM,1.952,
47071_AM,9.690000000000001,13.681000000000001
47075,11.734,11.275
47076,11.528,29.525
47085,141.842,41.321
47086_AM,,8.314
47101_AM,73.571,63.014
47104_AM,18.656,32.812
47112_AM,1.0,10.367
47114,,5.842
47129_AM,,9.789
47139_AM,51.510999999999996,31.32
47155,,22.464
47161,19.694,7.37
47165,86.815,33.058
47173_AM,,3.832
47175,2.396,8.054
47182_AM,9.091000000000001,2.18
47186,360.546,375.198
47197_AM,3.09,2.255
47214_AM,,3.744
47217,,3.051
47231,4.666,4.78
48001_AM,,5.063
48002,3.82,
48003,,14.259
48011,,24.935
48013,18.025000000000002,78.21
48015,10.671,27.788
48016,,4.332
48017,,9.5
48020,205.047,578.799
48022_AM,,4.447
48026_AM,2.621,5.401
48027,5.725,21.315
48029,,10.549
48034,,17.365
48036,6.718999999999999,50.418
48040_AM,16.78,32.144999999999996
48043,2.262,23.77
48044,9.428,87.707
48046,,3.59
48054,9.622,17.537
48065_AM,,5.016
48068_AM,4.222,8.645999999999999
48069,,18.132
48071_AM,5.009,
48073,5.679,6.29
48074,,6.386
48075,,8.172
48077_AM,,4.355
48078,16.5,44.86
48080,3.751,
48081_AM,,5.519
48082,,24.863
48083,11.237,2.796
48084,,12.01
48085,3.278,24.953
48086_AM,,2.17
48089,1.582,8.556000000000001
48095_AM,,9.257
48096,,10.745000000000001
48097_AM,,8.429
48901,29.415,103.37
48902,6.122,8.212
48904_AM,60.078,224.837
48905,,6.307
48910_AM,,2.487
48912_AM,,7.4830000000000005
49003_AM,3.591,
49021,5.215,134.437
49054_AM,1.964,6.375
49065_AM,,13.021999999999998
49081_AM,12.34,5.382
49122_AM,,14.549
49151_AM,,17.853
49166_AM,,9.903
49178_AM,9.008,24.521
49187_AM,,2.537
49200_AM,,8.799
49206_AM,,3.705
49214_AM,,3.675
49219_AM,,14.969
49250_AM,,2.0
49261_AM,6.359,2.234
49275,3.113,114.991
50008_AM,10.858,7.6579999999999995
50018_AM,5.259,7.417
50025,,14.678999999999998
50034_AM,,16.666
50038_AM,2.8,2.581
50055_AM,3.662,
50057_AM,,1.645
50062_AM,,14.745
50066,3.641,
50067,3.793,45.774
50073_AM,9.914,11.335
50074,,3.493
50089,,12.336
50095_AM,5.606,11.068999999999999
50099,,5.7170000000000005
50130_AM,,1.414
50153_AM,2.519,1.629
50159_AM,,12.231
50160,,3.27
50163_AM,,11.033000000000001
50165_AM,7.068,
50181_AM,4.016,10.263
50182,,8.708
50204_AM,,9.593
50208_AM,3.521,
50219,,3.457
50222_AM,1.547,1.401
50223_AM,,3.048
50225_AM,,3.938
50230_AM,,12.395999999999999
50240_AM,,1.877
50251_AM,,8.443999999999999
50252,9.326,
50272,,5.708
50288,6.863,
50297,474.977,1135.798
50298,,3.267
51001,1204.676,2269.734
52001,520.526,2549.42
FR101,1492.224,1648.795
FR102,1759.567,5827.082
FR103,8.73,141.266
FR104,1252.842,3675.783
FR105,1370.921,1385.417
FR106,541.513,451.619
FR107,1664.661,4439.255
FR108,351.767,770.09
FRB01,,38.192
FRB02,,4.462
FRB03,,2.682
FRB04,51.564,146.609
FRB05,,13.455
FRB06,484.8,42.572
FRC11,,4.899
FRC13,,23.978
FRC14,119.349,376.632
FRC21,,132.424
FRC24,,17.486
FRD11,2.778,14.982
FRD21,6.899,71.268
FRD22,,31.549000000000003
FRE11,172.629,264.334
FRE12,89.942,
FRE21,,2.213
FRE22,440.541,307.17
FRF11,90.364,17.795
FRF12,2.237,365.366
FRF21,,31.515
FRF31,101.109,4.766
FRF32,9.047,3.859
FRF33,21.043000000000003,9.219999999999999
FRF34,3.061,
FRG01,110.556,303.181
FRG02,,23.147
FRG04,,105.789
FRH01,,17.414
FRH02,,48.97
FRH03,7.934,192.19
FRI11,,1.0
FRI12,317.315,465.797
FRI13,13.193,188.557
FRI15,59.388,98.221
FRI31,,1.0
FRI32,,24.698999999999998
FRJ11,20.925,13.832
FRJ12,94.993,160.281
FRJ13,31.748,263.184
FRJ15,103.709,157.859
FRJ21,11.47,4.913
FRJ23,15.706999999999999,321.211
FRJ28,,1.872
FRK12,3.806,
FRK13,,19.043
FRK14,,3.675
FRK21,9.991,211.368
FRK22,31.82,1.867
FRK23,88.5,64.478
FRK24,61.817,11.358
FRK25,,4.47
FRK26,14.262,610.591
FRK27,370.894,119.31700000000001
FRK28,197.571,587.762
FRL02,79.245,4.588
FRL03,,205.77
FRL04,408.85,289.96999999999997
FRL05,113.907,169.182
FRL06,139.903,193.124
PT111,2.0,56.923
PT112,65.538,82.715
PT119,2.82,8.853
PT11A,2543.343,4994.271
PT11B,,8.481
PT11C,1.441,2.642
PT11D,,15.638
PT11E,,14.878
PT150,641.238,529.827
PT16B,,6.319
PT16D,,58.964
PT16E,8.401,16.059
PT16F,3.954,2.652
PT16G,2.877,6.583
PT16H,20.399,22.608
PT16I,,35.594
PT16J,,18.298000000000002
PT170,2602.495,4358.812
PT181,3.954,66.896
PT184,63.357,192.255
PT185,1.7,9.087
PT186,166.399,306.954
PT187,23.016,85.06
externo,471.313,2082.25
